{"cameraMode":{"drawMode":0,"name":"Shaded","section":"Shading Mode"},"sceneLighting":true,"audioPlay":false,"sceneViewState":{"showFog":true,"showMaterialUpdate":false,"showSkybox":true,"showFlares":true,"showImageEffects":true,"showParticleSystems":true},"in2DMode":false,"pivot":{"x":0.20760151743888856,"y":0.0391048938035965,"z":0.0016819387674331666},"rotation":{"x":-0.3025989830493927,"y":-0.1879439502954483,"z":0.06099414452910423,"w":-0.932411253452301},"size":25.79707908630371,"orthographic":false}