{"cameraMode":{"drawMode":0,"name":"Shaded","section":"Shading Mode"},"sceneLighting":false,"audioPlay":false,"sceneViewState":{"showFog":true,"showMaterialUpdate":false,"showSkybox":true,"showFlares":true,"showImageEffects":true,"showParticleSystems":true},"in2DMode":false,"pivot":{"x":-19.894262313842775,"y":1.8648920059204102,"z":12.778398513793946},"rotation":{"x":-0.06763650476932526,"y":-0.9320617914199829,"z":0.23909807205200196,"w":-0.26366329193115237},"size":59.516502380371097,"orthographic":false}