{"cameraMode":{"drawMode":0,"name":"Shaded","section":"Shading Mode"},"sceneLighting":false,"audioPlay":false,"sceneViewState":{"showFog":true,"showMaterialUpdate":false,"showSkybox":true,"showFlares":true,"showImageEffects":true,"showParticleSystems":true},"in2DMode":false,"pivot":{"x":-4.648560523986816,"y":8.929215431213379,"z":9.689149856567383},"rotation":{"x":-0.06763650476932526,"y":-0.9320617914199829,"z":0.23909807205200196,"w":-0.26366329193115237},"size":26.984432220458986,"orthographic":false}