{"cameraMode":{"drawMode":0,"name":"Shaded","section":"Shading Mode"},"sceneLighting":false,"audioPlay":false,"sceneViewState":{"showFog":true,"showMaterialUpdate":false,"showSkybox":true,"showFlares":true,"showImageEffects":true,"showParticleSystems":true},"in2DMode":false,"pivot":{"x":-36.769996643066409,"y":29.59125328063965,"z":-3.130735397338867},"rotation":{"x":-0.06763650476932526,"y":-0.9320617914199829,"z":0.23909807205200196,"w":-0.26366329193115237},"size":396.4599304199219,"orthographic":false}