{"cameraMode":{"drawMode":0,"name":"Shaded","section":"Shading Mode"},"sceneLighting":false,"audioPlay":false,"sceneViewState":{"showFog":true,"showMaterialUpdate":false,"showSkybox":true,"showFlares":true,"showImageEffects":true,"showParticleSystems":true},"in2DMode":false,"pivot":{"x":3.7246766090393068,"y":8.8100004196167,"z":-18.182947158813478},"rotation":{"x":-0.06763650476932526,"y":-0.9320617914199829,"z":0.23909807205200196,"w":-0.26366329193115237},"size":26.978425979614259,"orthographic":false}